package	version
mapplots	1.5.1
rnaturalearthdata	0.1.0
countrycode	1.3.1
CoordinateCleaner	2.0-20
rgeos	0.5-9
rgbif	3.7.2
dplyr	1.0.8
plyr	1.8.7
raster	3.5-15
rgdal	1.5-31
sp	1.4-7
maps	3.4.0
spThin	0.2.0
dismo	1.3-5
maptools	1.1-4
sdm	1.1-8
SDMtune	1.1.5
tidyverse	1.3.1
reshape	0.8.9
ggplot2	3.3.5
ggpubr	0.4.0
usdm	1.1-18
rasterVis	0.51.2
plotROC	2.2.1
zeallot	0.1.0
kableExtra	1.3.4
adegenet	2.1.5
vegan	2.6-2
lfmm	1.1
psych	2.2.3
stringr	1.4.0
robust	0.7-0
data.table	1.14.2
matlib	0.9.5
sf	1.0-7
tibble	3.1.6
reshape2	1.4.4
rworldmap	1.3-6
viridis	0.6.2
tmap	3.3-3
spatstat	2.3-4
gstat	2.0-9
grobblR	0.2.1
geodata	0.4-6
pegas	1.1
qpcR	1.4-1
shapefiles	0.7
